run,dmgfuncpar,climate,SSP,RCP,N,ISO3,prtp,eta,dr,16.7%,50%,83.3%
djo,estimates,uncertain,SSP3,rcp60,150,ISL,2,1p5,NA,0,0,0
djo,estimates,uncertain,SSP3,rcp60,150,ISL,NA,NA,3,0,0,0
djo,estimates,uncertain,SSP3,rcp60,195,AUS,2,1p5,NA,0,0,0
djo,estimates,uncertain,SSP3,rcp60,195,AUS,NA,NA,3,0,0,0
djo,estimates,uncertain,SSP3,rcp60,195,BWA,2,1p5,NA,1.7169953368743722,2.7803425216218325,6.997327493114948
djo,estimates,uncertain,SSP3,rcp60,195,BWA,NA,NA,3,0.3731243560529962,0.43677624429226847,0.534229286828319
djo,estimates,uncertain,SSP3,rcp60,195,CHL,2,1p5,NA,7.185866878799349,10.489156609499014,18.723089279548308
djo,estimates,uncertain,SSP3,rcp60,195,CHL,NA,NA,3,3.1949182570977053,3.9584956793168047,4.952926698528394
djo,estimates,uncertain,SSP3,rcp60,195,CPV,2,1p5,NA,0.05648777405972124,0.08967207350628117,0.15559292045339088
djo,estimates,uncertain,SSP3,rcp60,195,CPV,NA,NA,3,0.027895545819681424,0.038438734296265216,0.0491372969765521
djo,estimates,uncertain,SSP3,rcp60,195,DJI,2,1p5,NA,0.07232235931420669,0.1203476326586466,0.2391153559142143
djo,estimates,uncertain,SSP3,rcp60,195,DJI,NA,NA,3,0.05465291022985761,0.06654961789082858,0.08609413659448825
djo,estimates,uncertain,SSP3,rcp60,195,FJI,2,1p5,NA,0.06393475271755517,0.08795641104728971,0.18017536075216417
djo,estimates,uncertain,SSP3,rcp60,195,FJI,NA,NA,3,0.04117431133244116,0.050960146759642125,0.06422885529764635
djo,estimates,uncertain,SSP3,rcp60,195,IRL,2,1p5,NA,0,0,0
djo,estimates,uncertain,SSP3,rcp60,195,IRL,NA,NA,3,0,0,0
djo,estimates,uncertain,SSP3,rcp60,195,MUS,2,1p5,NA,0.3989919934728114,0.5689436716077935,1.0343943550804255
djo,estimates,uncertain,SSP3,rcp60,195,MUS,NA,NA,3,0.20774602072355136,0.2585142785288355,0.30605665542402144
djo,estimates,uncertain,SSP3,rcp60,195,NCL,2,1p5,NA,0,0,0
djo,estimates,uncertain,SSP3,rcp60,195,NCL,NA,NA,3,0,0,0
djo,estimates,uncertain,SSP3,rcp60,195,NZL,2,1p5,NA,0,0,0
djo,estimates,uncertain,SSP3,rcp60,195,NZL,NA,NA,3,0,0,0
djo,estimates,uncertain,SSP3,rcp60,195,URY,2,1p5,NA,0.7487981701428371,1.4688639319791545,2.6860060023691266
djo,estimates,uncertain,SSP3,rcp60,195,URY,NA,NA,3,0.41583899354516807,0.6070761449031631,0.7413139944472903
djo,estimates,uncertain,SSP3,rcp60,195,VUT,2,1p5,NA,0.024658148677919538,0.033431206844638586,0.06549345862201526
djo,estimates,uncertain,SSP3,rcp60,195,VUT,NA,NA,3,0.021411137819195104,0.026148534473441627,0.03370318330438493
djo,estimates,uncertain,SSP3,rcp60,210,AFG,2,1p5,NA,4.568018349260787,7.937236375783407,23.727839635948992
djo,estimates,uncertain,SSP3,rcp60,210,AFG,NA,NA,3,0.9728314411175626,1.1963683056045709,1.49048377380387
djo,estimates,uncertain,SSP3,rcp60,210,AGO,2,1p5,NA,12.476220851292972,19.05629954030695,43.0995344243368
djo,estimates,uncertain,SSP3,rcp60,210,AGO,NA,NA,3,1.643522063132956,1.9427963161914557,2.320156509807447
djo,estimates,uncertain,SSP3,rcp60,210,ALB,2,1p5,NA,0.6431435559250472,1.219511198730374,2.6643645048211035
djo,estimates,uncertain,SSP3,rcp60,210,ALB,NA,NA,3,0.24188916842790106,0.2888001396229984,0.3774219970135329
djo,estimates,uncertain,SSP3,rcp60,210,ARE,2,1p5,NA,0,0,0
djo,estimates,uncertain,SSP3,rcp60,210,ARE,NA,NA,3,0,0,0
djo,estimates,uncertain,SSP3,rcp60,210,ARG,2,1p5,NA,12.969199260806418,28.487809434447303,64.93298469322418
djo,estimates,uncertain,SSP3,rcp60,210,ARG,NA,NA,3,7.046118131216626,9.309931727131525,11.220484609477195
djo,estimates,uncertain,SSP3,rcp60,210,ARM,2,1p5,NA,0.47053537204724216,0.7101139625125961,1.9090974819877715
djo,estimates,uncertain,SSP3,rcp60,210,ARM,NA,NA,3,0.19914004854705064,0.23437357278717388,0.2904032369934114
djo,estimates,uncertain,SSP3,rcp60,210,AUT,2,1p5,NA,0,0,0
djo,estimates,uncertain,SSP3,rcp60,210,AUT,NA,NA,3,0,0,0
djo,estimates,uncertain,SSP3,rcp60,210,AZE,2,1p5,NA,2.8299953137004157,4.552957381785403,12.388643023083095
djo,estimates,uncertain,SSP3,rcp60,210,AZE,NA,NA,3,0.7976217273098233,0.9424508759189371,1.1575594689339608
djo,estimates,uncertain,SSP3,rcp60,210,BDI,2,1p5,NA,0.23536031519626519,0.3474309318999066,0.6035782035449282
djo,estimates,uncertain,SSP3,rcp60,210,BDI,NA,NA,3,0.14439569170696173,0.17895812482018864,0.22433890116989316
djo,estimates,uncertain,SSP3,rcp60,210,BEL,2,1p5,NA,0,0,0
djo,estimates,uncertain,SSP3,rcp60,210,BEL,NA,NA,3,0,0,0
djo,estimates,uncertain,SSP3,rcp60,210,BEN,2,1p5,NA,0.6551361468302328,1.0242718225956635,2.0767837073413378
djo,estimates,uncertain,SSP3,rcp60,210,BEN,NA,NA,3,0.34180348561470075,0.40673807327908823,0.49794163784996404
djo,estimates,uncertain,SSP3,rcp60,210,BFA,2,1p5,NA,2.0393574255127933,3.448761493651258,8.172978201267988
djo,estimates,uncertain,SSP3,rcp60,210,BFA,NA,NA,3,0.7152247957994656,0.8416138673303885,1.0577882518250545
djo,estimates,uncertain,SSP3,rcp60,210,BGD,2,1p5,NA,8.097413379870199,13.04655619663769,26.218886935556707
djo,estimates,uncertain,SSP3,rcp60,210,BGD,NA,NA,3,6.0779656223910195,7.792708896924062,10.10210089183029
djo,estimates,uncertain,SSP3,rcp60,210,BGR,2,1p5,NA,1.9187053633232,3.718829284521671,9.081469135578994
djo,estimates,uncertain,SSP3,rcp60,210,BGR,NA,NA,3,0.9309605427934491,1.1195826224786416,1.4577200796769798
djo,estimates,uncertain,SSP3,rcp60,210,BHS,2,1p5,NA,0,0,0
djo,estimates,uncertain,SSP3,rcp60,210,BHS,NA,NA,3,0,0,0
djo,estimates,uncertain,SSP3,rcp60,210,BIH,2,1p5,NA,0.5375283608251578,1.0212793830015114,2.0712595215903917
djo,estimates,uncertain,SSP3,rcp60,210,BIH,NA,NA,3,0.30116493343620304,0.36760588776631636,0.4939688374599807
djo,estimates,uncertain,SSP3,rcp60,210,BLR,2,1p5,NA,3.828575405230945,8.6102426064947,18.622518864740403
djo,estimates,uncertain,SSP3,rcp60,210,BLR,NA,NA,3,1.3749120971883777,1.8122576822008163,2.5369068663881116
djo,estimates,uncertain,SSP3,rcp60,210,BLZ,2,1p5,NA,0.08685059089608864,0.13637858380384996,0.2504493858289267
djo,estimates,uncertain,SSP3,rcp60,210,BLZ,NA,NA,3,0.028430587532300478,0.03426066754322155,0.04177898630561811
djo,estimates,uncertain,SSP3,rcp60,210,BOL,2,1p5,NA,3.2024186882542507,4.706152293747955,13.889731064072967
djo,estimates,uncertain,SSP3,rcp60,210,BOL,NA,NA,3,0.9986353265289503,1.2105332882947146,1.4389783109700849
djo,estimates,uncertain,SSP3,rcp60,210,BRA,2,1p5,NA,78.68349529705708,127.05254801848865,282.0636838552352
djo,estimates,uncertain,SSP3,rcp60,210,BRA,NA,NA,3,25.32065679648843,29.98827641263681,35.97933417691426
djo,estimates,uncertain,SSP3,rcp60,210,BRN,2,1p5,NA,0,0,0
djo,estimates,uncertain,SSP3,rcp60,210,BRN,NA,NA,3,0,0,0
djo,estimates,uncertain,SSP3,rcp60,210,BTN,2,1p5,NA,0.2986165152724586,0.4652964742922464,1.1010925317313343
djo,estimates,uncertain,SSP3,rcp60,210,BTN,NA,NA,3,0.1399335326944051,0.17516118140814832,0.21688252466630553
djo,estimates,uncertain,SSP3,rcp60,210,CAF,2,1p5,NA,0.16048068676456775,0.23973297077810898,0.4533132659557501
djo,estimates,uncertain,SSP3,rcp60,210,CAF,NA,NA,3,0.07838479876599255,0.09240998118155211,0.11144241602110555
djo,estimates,uncertain,SSP3,rcp60,210,CAN,2,1p5,NA,0,0,0
djo,estimates,uncertain,SSP3,rcp60,210,CAN,NA,NA,3,0,0,0
djo,estimates,uncertain,SSP3,rcp60,210,CHE,2,1p5,NA,0,0,0
djo,estimates,uncertain,SSP3,rcp60,210,CHE,NA,NA,3,0,0,0
djo,estimates,uncertain,SSP3,rcp60,210,CHN,2,1p5,NA,348.6822371922597,613.7519692534696,1214.4352151594073
djo,estimates,uncertain,SSP3,rcp60,210,CHN,NA,NA,3,203.68359319071843,233.6394407927294,300.76494950787776
djo,estimates,uncertain,SSP3,rcp60,210,CIV,2,1p5,NA,1.434406722761424,2.3052708957257644,4.591758734135837
djo,estimates,uncertain,SSP3,rcp60,210,CIV,NA,NA,3,1.405415611525042,1.6886823237657025,2.1754954001149773
djo,estimates,uncertain,SSP3,rcp60,210,CMR,2,1p5,NA,1.9701449225067778,2.93699590956202,5.995408176144871
djo,estimates,uncertain,SSP3,rcp60,210,CMR,NA,NA,3,1.085174542609147,1.2654930755489573,1.5088952033264575
djo,estimates,uncertain,SSP3,rcp60,210,COD,2,1p5,NA,1.2133985685779762,1.8445699932350896,3.374360030260198
djo,estimates,uncertain,SSP3,rcp60,210,COD,NA,NA,3,1.4058638472090637,1.7318832960604509,2.0960460864847623
djo,estimates,uncertain,SSP3,rcp60,210,COG,2,1p5,NA,1.0306718643455919,1.6034946645223063,3.2817157827174963
djo,estimates,uncertain,SSP3,rcp60,210,COG,NA,NA,3,0.45846261984247033,0.5532142244268305,0.6929194298632614
djo,estimates,uncertain,SSP3,rcp60,210,COL,2,1p5,NA,20.087886083296375,29.81293021763306,59.3124972860675
djo,estimates,uncertain,SSP3,rcp60,210,COL,NA,NA,3,5.998628208254542,7.378272680905346,8.779261563003022
djo,estimates,uncertain,SSP3,rcp60,210,COM,2,1p5,NA,0.025681787836837933,0.03667543131794652,0.07262090163090495
djo,estimates,uncertain,SSP3,rcp60,210,COM,NA,NA,3,0.020022088951526785,0.024209228550362585,0.029235688432855286
djo,estimates,uncertain,SSP3,rcp60,210,CRI,2,1p5,NA,1.8623983041965462,2.7051032181955725,6.520412388684193
djo,estimates,uncertain,SSP3,rcp60,210,CRI,NA,NA,3,0.6869332040974273,0.8518940307985557,1.03263802674614
djo,estimates,uncertain,SSP3,rcp60,210,CUB,2,1p5,NA,1.1294027030228406,1.5073609202779656,2.778066293449218
djo,estimates,uncertain,SSP3,rcp60,210,CUB,NA,NA,3,0.6149462752127197,0.6914808387894844,0.8546886643339303
djo,estimates,uncertain,SSP3,rcp60,210,CYP,2,1p5,NA,0.5885854878810457,0.8639268477591807,1.9456149853965647
djo,estimates,uncertain,SSP3,rcp60,210,CYP,NA,NA,3,0.1592810882974693,0.19235843516446113,0.23508760531874173
djo,estimates,uncertain,SSP3,rcp60,210,CZE,2,1p5,NA,0,0,0
djo,estimates,uncertain,SSP3,rcp60,210,CZE,NA,NA,3,0,0,0
djo,estimates,uncertain,SSP3,rcp60,210,DEU,2,1p5,NA,0,0,0
djo,estimates,uncertain,SSP3,rcp60,210,DEU,NA,NA,3,0,0,0
djo,estimates,uncertain,SSP3,rcp60,210,DNK,2,1p5,NA,0,0,0
djo,estimates,uncertain,SSP3,rcp60,210,DNK,NA,NA,3,0,0,0
djo,estimates,uncertain,SSP3,rcp60,210,DOM,2,1p5,NA,3.2524856991362525,5.1363732468591135,8.965552986941463
djo,estimates,uncertain,SSP3,rcp60,210,DOM,NA,NA,3,1.2729481752293403,1.4957563373427725,1.7671565251218293
djo,estimates,uncertain,SSP3,rcp60,210,DZA,2,1p5,NA,13.267983358073312,21.511282612940345,49.80371169669924
djo,estimates,uncertain,SSP3,rcp60,210,DZA,NA,NA,3,3.643650565637058,4.246603908986358,5.227658657609577
djo,estimates,uncertain,SSP3,rcp60,210,ECU,2,1p5,NA,4.730845653415922,6.670987895603361,14.081724097042436
djo,estimates,uncertain,SSP3,rcp60,210,ECU,NA,NA,3,1.6482575922533793,1.9898740374575614,2.406953088703196
djo,estimates,uncertain,SSP3,rcp60,210,EGY,2,1p5,NA,19.676529814972593,32.340438337473735,69.63135650832153
djo,estimates,uncertain,SSP3,rcp60,210,EGY,NA,NA,3,8.210398056302251,10.090206031414443,12.593016638656467
djo,estimates,uncertain,SSP3,rcp60,210,ERI,2,1p5,NA,0.17828911326474453,0.26125202764740696,0.4802593845334501
djo,estimates,uncertain,SSP3,rcp60,210,ERI,NA,NA,3,0.04609327635512391,0.06061336345516055,0.07645625196890068
djo,estimates,uncertain,SSP3,rcp60,210,ESP,2,1p5,NA,0,0,0
djo,estimates,uncertain,SSP3,rcp60,210,ESP,NA,NA,3,0,0,0
djo,estimates,uncertain,SSP3,rcp60,210,EST,2,1p5,NA,0,0,0
djo,estimates,uncertain,SSP3,rcp60,210,EST,NA,NA,3,0,0,0
djo,estimates,uncertain,SSP3,rcp60,210,ETH,2,1p5,NA,5.744622345890196,8.299048459785919,19.438237701384203
djo,estimates,uncertain,SSP3,rcp60,210,ETH,NA,NA,3,2.772776869107129,3.37537086100102,4.2535333920597305
djo,estimates,uncertain,SSP3,rcp60,210,FIN,2,1p5,NA,0,0,0
djo,estimates,uncertain,SSP3,rcp60,210,FIN,NA,NA,3,0,0,0
djo,estimates,uncertain,SSP3,rcp60,210,FRA,2,1p5,NA,0,0,0
djo,estimates,uncertain,SSP3,rcp60,210,FRA,NA,NA,3,0,0,0
djo,estimates,uncertain,SSP3,rcp60,210,GAB,2,1p5,NA,0.9252911487400232,1.309115023923006,2.645519748270019
djo,estimates,uncertain,SSP3,rcp60,210,GAB,NA,NA,3,0.2772397539489428,0.32643742803547027,0.3916429266022342
djo,estimates,uncertain,SSP3,rcp60,210,GBR,2,1p5,NA,0,0,0
djo,estimates,uncertain,SSP3,rcp60,210,GBR,NA,NA,3,0,0,0
djo,estimates,uncertain,SSP3,rcp60,210,GEO,2,1p5,NA,0.5667297918488136,0.8708094463689401,2.151238592230904
djo,estimates,uncertain,SSP3,rcp60,210,GEO,NA,NA,3,0.3123676853079738,0.3706327883520579,0.46675640594035595
djo,estimates,uncertain,SSP3,rcp60,210,GHA,2,1p5,NA,2.5951100886051828,4.350013975327792,8.935230530114604
djo,estimates,uncertain,SSP3,rcp60,210,GHA,NA,NA,3,1.4351551000459213,1.70534930910285,2.0866250960520554
djo,estimates,uncertain,SSP3,rcp60,210,GIN,2,1p5,NA,0.6543104909606929,1.0635986768805843,2.037909389621754
djo,estimates,uncertain,SSP3,rcp60,210,GIN,NA,NA,3,0.5377646008465679,0.6719773424045015,0.8013238079568239
djo,estimates,uncertain,SSP3,rcp60,210,GMB,2,1p5,NA,0.15449456056863548,0.24880531039858683,0.5033613432889708
djo,estimates,uncertain,SSP3,rcp60,210,GMB,NA,NA,3,0.09340827693004666,0.11238017314761967,0.14107216925340443
djo,estimates,uncertain,SSP3,rcp60,210,GNB,2,1p5,NA,0.058716289443277836,0.0920566763356533,0.18605146228445127
djo,estimates,uncertain,SSP3,rcp60,210,GNB,NA,NA,3,0.04538069321529461,0.05593458493826418,0.06866773569279122
djo,estimates,uncertain,SSP3,rcp60,210,GNQ,2,1p5,NA,0,0,0
djo,estimates,uncertain,SSP3,rcp60,210,GNQ,NA,NA,3,0,0,0
djo,estimates,uncertain,SSP3,rcp60,210,GRC,2,1p5,NA,0,0,0
djo,estimates,uncertain,SSP3,rcp60,210,GRC,NA,NA,3,0,0,0
djo,estimates,uncertain,SSP3,rcp60,210,GTM,2,1p5,NA,3.6443246979980692,5.233467933441158,10.819733564667045
djo,estimates,uncertain,SSP3,rcp60,210,GTM,NA,NA,3,1.1286373805523715,1.4083611952744517,1.672447072856326
djo,estimates,uncertain,SSP3,rcp60,210,GUY,2,1p5,NA,0.08508618314726073,0.11974348753118592,0.2315408182369139
djo,estimates,uncertain,SSP3,rcp60,210,GUY,NA,NA,3,0.039881761224202394,0.048843175722704774,0.0625406984061431
djo,estimates,uncertain,SSP3,rcp60,210,HND,2,1p5,NA,1.1974537996094878,1.8052733551471238,3.5614156791620957
djo,estimates,uncertain,SSP3,rcp60,210,HND,NA,NA,3,0.47791022999221716,0.6040761270937478,0.7616511566267645
djo,estimates,uncertain,SSP3,rcp60,210,HRV,2,1p5,NA,1.4731638106528089,3.2813696673849377,6.332991227001067
djo,estimates,uncertain,SSP3,rcp60,210,HRV,NA,NA,3,0.5203321622802721,0.6417701180723124,0.8590227577670886
djo,estimates,uncertain,SSP3,rcp60,210,HTI,2,1p5,NA,0.25916704323470025,0.39681444691398343,0.6962700555898841
djo,estimates,uncertain,SSP3,rcp60,210,HTI,NA,NA,3,0.27293968808505176,0.3260385865125364,0.3997190220078219
djo,estimates,uncertain,SSP3,rcp60,210,HUN,2,1p5,NA,2.3780256782267917,4.312428504562295,7.878435225126028
djo,estimates,uncertain,SSP3,rcp60,210,HUN,NA,NA,3,1.2061972758758703,1.541597996917038,2.078516102302823
djo,estimates,uncertain,SSP3,rcp60,210,IDN,2,1p5,NA,27.56068745431573,37.537223906509176,69.04219657753855
djo,estimates,uncertain,SSP3,rcp60,210,IDN,NA,NA,3,20.536063834423704,24.224386061356736,29.15827782624084
djo,estimates,uncertain,SSP3,rcp60,210,IND,2,1p5,NA,227.9738327358737,352.5788806273458,738.3117302616488
djo,estimates,uncertain,SSP3,rcp60,210,IND,NA,NA,3,93.43628236799535,112.28870739243594,137.1837414354442
djo,estimates,uncertain,SSP3,rcp60,210,IRN,2,1p5,NA,33.361486825196586,51.51187774380666,123.20612478001317
djo,estimates,uncertain,SSP3,rcp60,210,IRN,NA,NA,3,10.013929472316761,11.722065736238246,14.296246698837477
djo,estimates,uncertain,SSP3,rcp60,210,IRQ,2,1p5,NA,20.16905136795141,37.19179409106885,96.9748522570668
djo,estimates,uncertain,SSP3,rcp60,210,IRQ,NA,NA,3,3.585647683431365,4.4209135192591,5.430525827326103
djo,estimates,uncertain,SSP3,rcp60,210,ISR,2,1p5,NA,0,0,0
djo,estimates,uncertain,SSP3,rcp60,210,ISR,NA,NA,3,0,0,0
djo,estimates,uncertain,SSP3,rcp60,210,ITA,2,1p5,NA,0,0,0
djo,estimates,uncertain,SSP3,rcp60,210,ITA,NA,NA,3,0,0,0
djo,estimates,uncertain,SSP3,rcp60,210,JAM,2,1p5,NA,0.43312309152096945,0.5880153787665202,1.055827200139727
djo,estimates,uncertain,SSP3,rcp60,210,JAM,NA,NA,3,0.19978079089232761,0.23081837371454728,0.27853406235997163
djo,estimates,uncertain,SSP3,rcp60,210,JOR,2,1p5,NA,1.860582572644581,2.9214566767507764,5.761895845593222
djo,estimates,uncertain,SSP3,rcp60,210,JOR,NA,NA,3,0.7153527981328585,0.8833844025238969,1.1242005677827176
djo,estimates,uncertain,SSP3,rcp60,210,JPN,2,1p5,NA,0,0,0
djo,estimates,uncertain,SSP3,rcp60,210,JPN,NA,NA,3,0,0,0
djo,estimates,uncertain,SSP3,rcp60,210,KAZ,2,1p5,NA,8.760637038466946,18.04852972363706,53.872921919012434
djo,estimates,uncertain,SSP3,rcp60,210,KAZ,NA,NA,3,3.735032164379344,4.503549088119397,10.507778999069268
djo,estimates,uncertain,SSP3,rcp60,210,KEN,2,1p5,NA,3.788893173617943,5.68630913212375,12.12048842703182
djo,estimates,uncertain,SSP3,rcp60,210,KEN,NA,NA,3,1.7614073111155422,2.3730257261666634,2.820834246303072
djo,estimates,uncertain,SSP3,rcp60,210,KGZ,2,1p5,NA,0.512521063776591,0.9323318367367288,2.1920767284365916
djo,estimates,uncertain,SSP3,rcp60,210,KGZ,NA,NA,3,0.24561264935334692,0.3059394182577939,0.38699519753216594
djo,estimates,uncertain,SSP3,rcp60,210,KHM,2,1p5,NA,1.0693378876241146,1.5823876552324219,3.3556243142927262
djo,estimates,uncertain,SSP3,rcp60,210,KHM,NA,NA,3,0.7461467527165649,0.867839070914521,1.0267950205877305
djo,estimates,uncertain,SSP3,rcp60,210,KOR,2,1p5,NA,0,0,0
djo,estimates,uncertain,SSP3,rcp60,210,KOR,NA,NA,3,0,0,0
djo,estimates,uncertain,SSP3,rcp60,210,KWT,2,1p5,NA,0,0,0
djo,estimates,uncertain,SSP3,rcp60,210,KWT,NA,NA,3,0,0,0
djo,estimates,uncertain,SSP3,rcp60,210,LAO,2,1p5,NA,0.6873695447346674,1.0916131503466429,2.3139084152843266
djo,estimates,uncertain,SSP3,rcp60,210,LAO,NA,NA,3,0.42723913436480665,0.500620954141436,0.6352328171908015
djo,estimates,uncertain,SSP3,rcp60,210,LBN,2,1p5,NA,1.8084148698095472,2.726649672083238,5.725804051070359
djo,estimates,uncertain,SSP3,rcp60,210,LBN,NA,NA,3,0.670324024191281,0.8109545844627205,0.9787849690885647
djo,estimates,uncertain,SSP3,rcp60,210,LBR,2,1p5,NA,0.12014722719265462,0.18171559333965126,0.3835165224002496
djo,estimates,uncertain,SSP3,rcp60,210,LBR,NA,NA,3,0.1113235429551625,0.1384913416220389,0.16875895250124143
djo,estimates,uncertain,SSP3,rcp60,210,LBY,2,1p5,NA,0,0,0
djo,estimates,uncertain,SSP3,rcp60,210,LBY,NA,NA,3,0,0,0
djo,estimates,uncertain,SSP3,rcp60,210,LKA,2,1p5,NA,3.5229312468183767,4.858152960248612,9.246771676489896
djo,estimates,uncertain,SSP3,rcp60,210,LKA,NA,NA,3,2.0040105615630015,2.317375140276274,2.8227402194767524
djo,estimates,uncertain,SSP3,rcp60,210,LSO,2,1p5,NA,0.13580388758997017,0.20353432371025607,0.34119841795516465
djo,estimates,uncertain,SSP3,rcp60,210,LSO,NA,NA,3,0.06256299732421879,0.07441096789626402,0.10385152806681451
djo,estimates,uncertain,SSP3,rcp60,210,LTU,2,1p5,NA,0,0,0
djo,estimates,uncertain,SSP3,rcp60,210,LTU,NA,NA,3,0,0,0
djo,estimates,uncertain,SSP3,rcp60,210,LUX,2,1p5,NA,0,0,0
djo,estimates,uncertain,SSP3,rcp60,210,LUX,NA,NA,3,0,0,0
djo,estimates,uncertain,SSP3,rcp60,210,LVA,2,1p5,NA,0.8624749147337686,1.5117903378882844,2.984775202782305
djo,estimates,uncertain,SSP3,rcp60,210,LVA,NA,NA,3,0.3094367277144118,0.42940896525996314,0.5652159712136334
djo,estimates,uncertain,SSP3,rcp60,210,MAR,2,1p5,NA,5.910798039632431,8.835158044457447,14.72178852846049
djo,estimates,uncertain,SSP3,rcp60,210,MAR,NA,NA,3,2.6148164885263667,3.2793665860768706,4.085449432636893
djo,estimates,uncertain,SSP3,rcp60,210,MDA,2,1p5,NA,0.1845061103497989,0.3370620323940884,0.7083212505100961
djo,estimates,uncertain,SSP3,rcp60,210,MDA,NA,NA,3,0.14084391589326678,0.17641176388634072,0.23149595381562119
djo,estimates,uncertain,SSP3,rcp60,210,MDG,2,1p5,NA,0.8068071274712251,1.1195248982817296,2.210930451347262
djo,estimates,uncertain,SSP3,rcp60,210,MDG,NA,NA,3,0.5823662594204796,0.7194365835737262,0.8738782368686859
djo,estimates,uncertain,SSP3,rcp60,210,MEX,2,1p5,NA,82.5248518963364,117.7400990343398,245.31361729567055
djo,estimates,uncertain,SSP3,rcp60,210,MEX,NA,NA,3,20.51140358741719,23.7079740034747,27.86460837733041
djo,estimates,uncertain,SSP3,rcp60,210,MKD,2,1p5,NA,0.5322361567481513,1.0171454725042193,2.325293245715948
djo,estimates,uncertain,SSP3,rcp60,210,MKD,NA,NA,3,0.23419714454191237,0.2790687819519523,0.3678556293549029
djo,estimates,uncertain,SSP3,rcp60,210,MLI,2,1p5,NA,1.1917735821953999,2.060787812129138,4.4307571184522105
djo,estimates,uncertain,SSP3,rcp60,210,MLI,NA,NA,3,0.4761634960253017,0.5456513802749516,0.6740910114759163
djo,estimates,uncertain,SSP3,rcp60,210,MMR,2,1p5,NA,2.372292070738707,3.5441742303117665,7.9995340537049
djo,estimates,uncertain,SSP3,rcp60,210,MMR,NA,NA,3,1.1916125771512842,1.3951228832238087,1.7897093027815034
djo,estimates,uncertain,SSP3,rcp60,210,MNE,2,1p5,NA,0.16605658328018305,0.33902374477829056,0.7122141374273014
djo,estimates,uncertain,SSP3,rcp60,210,MNE,NA,NA,3,0.059366905140244744,0.07079971008437927,0.09420549178901476
djo,estimates,uncertain,SSP3,rcp60,210,MNG,2,1p5,NA,0.7569516371568797,1.486800708278621,3.108274630123288
djo,estimates,uncertain,SSP3,rcp60,210,MNG,NA,NA,3,0.3661081742516566,0.4436559079077692,0.592734881021759
djo,estimates,uncertain,SSP3,rcp60,210,MOZ,2,1p5,NA,1.3759209977791897,1.8467099608891016,3.4020027876580707
djo,estimates,uncertain,SSP3,rcp60,210,MOZ,NA,NA,3,0.6750462490343034,0.813444858569994,0.9742367909020734
djo,estimates,uncertain,SSP3,rcp60,210,MRT,2,1p5,NA,0.527971194945049,0.8335809450503603,1.8295105083883503
djo,estimates,uncertain,SSP3,rcp60,210,MRT,NA,NA,3,0.20881188567355571,0.24266137081096673,0.2890122978539101
djo,estimates,uncertain,SSP3,rcp60,210,MWI,2,1p5,NA,1.4555299196936455,2.099483943899117,3.6814195154571663
djo,estimates,uncertain,SSP3,rcp60,210,MWI,NA,NA,3,0.5148952512107066,0.6550847531778272,0.8348430228296759
djo,estimates,uncertain,SSP3,rcp60,210,MYS,2,1p5,NA,15.087107417461985,21.664469469881613,41.3898081108128
djo,estimates,uncertain,SSP3,rcp60,210,MYS,NA,NA,3,6.897761961294348,8.204130649196308,9.618629982070901
djo,estimates,uncertain,SSP3,rcp60,210,NAM,2,1p5,NA,0.9457344699941597,1.3932702359087128,2.8802431380645834
djo,estimates,uncertain,SSP3,rcp60,210,NAM,NA,NA,3,0.24875848371748283,0.2989785099521475,0.3698913883788199
djo,estimates,uncertain,SSP3,rcp60,210,NER,2,1p5,NA,1.892474068874002,3.2016019458196077,7.378526068348675
djo,estimates,uncertain,SSP3,rcp60,210,NER,NA,NA,3,0.5050530537413396,0.5902215432536155,0.7382302928127229
djo,estimates,uncertain,SSP3,rcp60,210,NGA,2,1p5,NA,31.02501640631487,49.933046674176204,109.5075943857446
djo,estimates,uncertain,SSP3,rcp60,210,NGA,NA,NA,3,13.184082292524012,15.40026259431374,18.952392944394365
djo,estimates,uncertain,SSP3,rcp60,210,NIC,2,1p5,NA,0.4689821883796043,0.6737412252262283,1.3749340935075294
djo,estimates,uncertain,SSP3,rcp60,210,NIC,NA,NA,3,0.28989808373764214,0.3708260331997573,0.4681042103315286
djo,estimates,uncertain,SSP3,rcp60,210,NLD,2,1p5,NA,0,0,0
djo,estimates,uncertain,SSP3,rcp60,210,NLD,NA,NA,3,0,0,0
djo,estimates,uncertain,SSP3,rcp60,210,NOR,2,1p5,NA,0,0,0
djo,estimates,uncertain,SSP3,rcp60,210,NOR,NA,NA,3,0,0,0
djo,estimates,uncertain,SSP3,rcp60,210,NPL,2,1p5,NA,2.3461680017874595,3.455053702873995,8.022949138293084
djo,estimates,uncertain,SSP3,rcp60,210,NPL,NA,NA,3,0.6780048427395937,0.8787509597102512,1.0838828187085872
djo,estimates,uncertain,SSP3,rcp60,210,OMN,2,1p5,NA,0,0,0
djo,estimates,uncertain,SSP3,rcp60,210,OMN,NA,NA,3,0,0,0
djo,estimates,uncertain,SSP3,rcp60,210,PAK,2,1p5,NA,34.81959209610193,52.0930584422078,149.19047809729014
djo,estimates,uncertain,SSP3,rcp60,210,PAK,NA,NA,3,8.298811257366694,9.7446373759183,11.714093080247599
djo,estimates,uncertain,SSP3,rcp60,210,PAN,2,1p5,NA,0,0,0
djo,estimates,uncertain,SSP3,rcp60,210,PAN,NA,NA,3,0,0,0
djo,estimates,uncertain,SSP3,rcp60,210,PER,2,1p5,NA,13.432172639819994,19.1600625592651,47.364757221160616
djo,estimates,uncertain,SSP3,rcp60,210,PER,NA,NA,3,5.08190989555581,6.030433629430562,7.228942396562909
djo,estimates,uncertain,SSP3,rcp60,210,PHL,2,1p5,NA,13.034465777210569,18.575930650588347,35.737376211157844
djo,estimates,uncertain,SSP3,rcp60,210,PHL,NA,NA,3,6.707227103810586,8.045433094629429,10.289073563069051
djo,estimates,uncertain,SSP3,rcp60,210,PNG,2,1p5,NA,0.6073930459031485,0.8685247443272243,1.760677421751379
djo,estimates,uncertain,SSP3,rcp60,210,PNG,NA,NA,3,0.44049908139805527,0.5304397912152012,0.6441461632800601
djo,estimates,uncertain,SSP3,rcp60,210,POL,2,1p5,NA,0,0,0
djo,estimates,uncertain,SSP3,rcp60,210,POL,NA,NA,3,0,0,0
djo,estimates,uncertain,SSP3,rcp60,210,PRT,2,1p5,NA,0,0,0
djo,estimates,uncertain,SSP3,rcp60,210,PRT,NA,NA,3,0,0,0
djo,estimates,uncertain,SSP3,rcp60,210,PRY,2,1p5,NA,0.7571457705923341,2.213480684742286,6.537917603970199
djo,estimates,uncertain,SSP3,rcp60,210,PRY,NA,NA,3,0.5506963849475158,0.7671359064967475,0.90987927367097865
djo,estimates,uncertain,SSP3,rcp60,210,QAT,2,1p5,NA,0,0,0
djo,estimates,uncertain,SSP3,rcp60,210,QAT,NA,NA,3,0,0,0
djo,estimates,uncertain,SSP3,rcp60,210,ROU,2,1p5,NA,4.575093825720836,9.882209325044165,20.72620898393312
djo,estimates,uncertain,SSP3,rcp60,210,ROU,NA,NA,3,2.2240060665734123,2.646777812342875,3.469128220861185
djo,estimates,uncertain,SSP3,rcp60,210,RUS,2,1p5,NA,60.538803326976236,121.3303938956782,339.79146496417604
djo,estimates,uncertain,SSP3,rcp60,210,RUS,NA,NA,3,30.347652776842075,38.624358772335185,90.45255869363591
djo,estimates,uncertain,SSP3,rcp60,210,RWA,2,1p5,NA,0.9715893378832307,1.4805899818185473,2.740149421345904
djo,estimates,uncertain,SSP3,rcp60,210,RWA,NA,NA,3,0.39848014295974704,0.5057176867619824,0.6175362747412563
djo,estimates,uncertain,SSP3,rcp60,210,SAU,2,1p5,NA,0,0,0
djo,estimates,uncertain,SSP3,rcp60,210,SAU,NA,NA,3,0,0,0
djo,estimates,uncertain,SSP3,rcp60,210,SDN,2,1p5,NA,8.135079920287389,13.910855524251739,30.977244123453673
djo,estimates,uncertain,SSP3,rcp60,210,SDN,NA,NA,3,2.7728017629183195,3.216835369575655,3.8889565240023884
djo,estimates,uncertain,SSP3,rcp60,210,SEN,2,1p5,NA,1.39734278274789,2.24974494519363,4.483730880143843
djo,estimates,uncertain,SSP3,rcp60,210,SEN,NA,NA,3,0.5956717139952071,0.7249649358307326,0.8996658251018571
djo,estimates,uncertain,SSP3,rcp60,210,SLB,2,1p5,NA,0.043498098409034874,0.061091609806236215,0.13260178702321085
djo,estimates,uncertain,SSP3,rcp60,210,SLB,NA,NA,3,0.029760301059280587,0.03679844303701817,0.046330114423858475
djo,estimates,uncertain,SSP3,rcp60,210,SLE,2,1p5,NA,0.2386815468032408,0.3752480971728426,0.716279699905656
djo,estimates,uncertain,SSP3,rcp60,210,SLE,NA,NA,3,0.15996505049273724,0.1942401400531752,0.23115963499230127
djo,estimates,uncertain,SSP3,rcp60,210,SLV,2,1p5,NA,1.2017493500844822,1.779555373463916,3.3879260969005056
djo,estimates,uncertain,SSP3,rcp60,210,SLV,NA,NA,3,0.44685175456584625,0.5454101159380091,0.6633368180102893
djo,estimates,uncertain,SSP3,rcp60,210,SOM,2,1p5,NA,0.012104559103339057,0.017157771579512378,0.03920575171396897
djo,estimates,uncertain,SSP3,rcp60,210,SOM,NA,NA,3,0.009985322975829759,0.012776270326243122,0.01689137839098472
djo,estimates,uncertain,SSP3,rcp60,210,SRB,2,1p5,NA,1.5649927248734097,3.2081253371819307,6.853287081087507
djo,estimates,uncertain,SSP3,rcp60,210,SRB,NA,NA,3,0.608584916365232,0.7396987104226063,0.9880026304356943
djo,estimates,uncertain,SSP3,rcp60,210,STP,2,1p5,NA,0.01961263079374054,0.029431620132827525,0.05230523417001014
djo,estimates,uncertain,SSP3,rcp60,210,STP,NA,NA,3,0.018040560194365358,0.021621548489843337,0.025311116358284827
djo,estimates,uncertain,SSP3,rcp60,210,SUR,2,1p5,NA,0.13114017601692216,0.19238022138554,0.3492485720779964
djo,estimates,uncertain,SSP3,rcp60,210,SUR,NA,NA,3,0.06607273972064541,0.08298857456954378,0.10307536383026109
djo,estimates,uncertain,SSP3,rcp60,210,SVK,2,1p5,NA,0,0,0
djo,estimates,uncertain,SSP3,rcp60,210,SVK,NA,NA,3,0,0,0
djo,estimates,uncertain,SSP3,rcp60,210,SVN,2,1p5,NA,0,0,0
djo,estimates,uncertain,SSP3,rcp60,210,SVN,NA,NA,3,0,0,0
djo,estimates,uncertain,SSP3,rcp60,210,SWE,2,1p5,NA,0,0,0
djo,estimates,uncertain,SSP3,rcp60,210,SWE,NA,NA,3,0,0,0
djo,estimates,uncertain,SSP3,rcp60,210,SWZ,2,1p5,NA,0.17919787031093304,0.2647121601953993,0.453583303993001
djo,estimates,uncertain,SSP3,rcp60,210,SWZ,NA,NA,3,0.05948911448901803,0.0696610087643494,0.08983576880197534
djo,estimates,uncertain,SSP3,rcp60,210,SYR,2,1p5,NA,5.80897431919605,9.45424854469874,20.290990657184373
djo,estimates,uncertain,SSP3,rcp60,210,SYR,NA,NA,3,2.0767317927345705,2.568296733573953,3.1930395536089855
djo,estimates,uncertain,SSP3,rcp60,210,TCD,2,1p5,NA,1.0316172640268624,1.683430185597482,3.52891200923209
djo,estimates,uncertain,SSP3,rcp60,210,TCD,NA,NA,3,0.4560257457166865,0.5355039140353176,0.6522947489003859
djo,estimates,uncertain,SSP3,rcp60,210,TGO,2,1p5,NA,0.24183678463070446,0.3901435894900968,0.7762749614359817
djo,estimates,uncertain,SSP3,rcp60,210,TGO,NA,NA,3,0.14427474063241072,0.17132227182238677,0.20834162350676455
djo,estimates,uncertain,SSP3,rcp60,210,THA,2,1p5,NA,14.28186784086889,21.301107045124056,43.281176405670315
djo,estimates,uncertain,SSP3,rcp60,210,THA,NA,NA,3,8.665793231127129,10.161087222679654,12.753354653735405
djo,estimates,uncertain,SSP3,rcp60,210,TJK,2,1p5,NA,0.7938562304820784,1.3194216112169035,3.4884309556567077
djo,estimates,uncertain,SSP3,rcp60,210,TJK,NA,NA,3,0.3203438377922855,0.40448622212083857,0.5135762980162636
djo,estimates,uncertain,SSP3,rcp60,210,TKM,2,1p5,NA,1.7355334869775292,3.502404174970343,9.224872450829588
djo,estimates,uncertain,SSP3,rcp60,210,TKM,NA,NA,3,1.0765894947638999,1.402090878634881,3.0964680230778945
djo,estimates,uncertain,SSP3,rcp60,210,TTO,2,1p5,NA,0,0,0
djo,estimates,uncertain,SSP3,rcp60,210,TTO,NA,NA,3,0,0,0
djo,estimates,uncertain,SSP3,rcp60,210,TUN,2,1p5,NA,2.6678741989419494,4.400531726927112,9.342685012181342
djo,estimates,uncertain,SSP3,rcp60,210,TUN,NA,NA,3,1.4461851351787904,1.752310909159171,2.2310183782681277
djo,estimates,uncertain,SSP3,rcp60,210,TUR,2,1p5,NA,50.51377597921961,80.20620291845371,234.30203168479838
djo,estimates,uncertain,SSP3,rcp60,210,TUR,NA,NA,3,12.673489167140739,15.330183523114496,18.82074187022488
djo,estimates,uncertain,SSP3,rcp60,210,TZA,2,1p5,NA,4.5821931980144255,6.5093270941150045,13.523014163740786
djo,estimates,uncertain,SSP3,rcp60,210,TZA,NA,NA,3,2.3305736992182964,2.8303419106944645,3.5324562167301377
djo,estimates,uncertain,SSP3,rcp60,210,UGA,2,1p5,NA,3.6544609741151297,6.033752457906435,12.157638282307586
djo,estimates,uncertain,SSP3,rcp60,210,UGA,NA,NA,3,1.7418195241222505,2.4426619104012715,3.2863562896077476
djo,estimates,uncertain,SSP3,rcp60,210,UKR,2,1p5,NA,5.884864432350597,11.519894594472234,23.548680117856897
djo,estimates,uncertain,SSP3,rcp60,210,UKR,NA,NA,3,3.283869165593435,4.004087205154607,5.137130355695887
djo,estimates,uncertain,SSP3,rcp60,210,USA,2,1p5,NA,0,0,0
djo,estimates,uncertain,SSP3,rcp60,210,USA,NA,NA,3,0,0,0
djo,estimates,uncertain,SSP3,rcp60,210,UZB,2,1p5,NA,4.089725954734813,6.667148000879202,16.524370745461464
djo,estimates,uncertain,SSP3,rcp60,210,UZB,NA,NA,3,1.7987519129742968,2.186765333496136,2.7798578732509207
djo,estimates,uncertain,SSP3,rcp60,210,VCT,2,1p5,NA,0.023872410875918113,0.03320629699150423,0.06422311921837728
djo,estimates,uncertain,SSP3,rcp60,210,VCT,NA,NA,3,0.009477971038201494,0.012647084433705186,0.015250111984549446
djo,estimates,uncertain,SSP3,rcp60,210,VEN,2,1p5,NA,13.451855430026166,17.82905272487442,40.95923563697206
djo,estimates,uncertain,SSP3,rcp60,210,VEN,NA,NA,3,5.460968618138336,6.721623357049362,8.05100305725287
djo,estimates,uncertain,SSP3,rcp60,210,VNM,2,1p5,NA,7.611541515755693,10.607651688495821,19.602880268106695
djo,estimates,uncertain,SSP3,rcp60,210,VNM,NA,NA,3,5.989457640820919,6.874693989037213,8.521370430033915
djo,estimates,uncertain,SSP3,rcp60,210,WLD,2,1p5,NA,1448.6932698709122,2157.204744916811,4874.605597809616
djo,estimates,uncertain,SSP3,rcp60,210,WLD,NA,NA,3,628.6455668907801,737.4024672576458,866.4876021240613
djo,estimates,uncertain,SSP3,rcp60,210,WSM,2,1p5,NA,0.015031380227138872,0.0229629591970263,0.04971772150764448
djo,estimates,uncertain,SSP3,rcp60,210,WSM,NA,NA,3,0.008955726292697284,0.01116679551311837,0.013728054771462226
djo,estimates,uncertain,SSP3,rcp60,210,YEM,2,1p5,NA,3.9160325990754328,6.0476609430816435,11.508549909003023
djo,estimates,uncertain,SSP3,rcp60,210,YEM,NA,NA,3,1.284034474640637,1.8795516911445802,2.2916841849303222
djo,estimates,uncertain,SSP3,rcp60,210,ZAF,2,1p5,NA,23.608481844750532,33.92472785769578,63.53074552862401
djo,estimates,uncertain,SSP3,rcp60,210,ZAF,NA,NA,3,6.983478223104991,8.054826576417724,10.39889883770462
djo,estimates,uncertain,SSP3,rcp60,210,ZMB,2,1p5,NA,2.3139397613177293,3.291031296666672,6.5791263974099365
djo,estimates,uncertain,SSP3,rcp60,210,ZMB,NA,NA,3,0.8016576487281272,0.9772233833448732,1.2012083821154471
djo,estimates,uncertain,SSP3,rcp60,210,ZWE,2,1p5,NA,0.1879977713935772,0.25746937402231046,0.4390986464513071
djo,estimates,uncertain,SSP3,rcp60,210,ZWE,NA,NA,3,0.13757795032823597,0.17534353016038903,0.2228302119930951
